"feature_id","C01","C02","C03","C04","C05","C06","T01","T02","T03","T04","T05","T06","M01","M02","M03","M04","M05","M06","S01","S02","S03","S04","S05","S06"
"ASV001",0.00743310208126858,0.0078064925946976,0.00759729356806809,0.00641414721370101,0.00658670861187574,0.00569590564899819,0.00112152808201174,0.00116388145780495,0.00140667010915048,0.000918046679142686,0.00135034291602999,0.000829456525659057,0.000836641622100463,0.00135366986195715,0.00136470077384737,0.00139164699075884,0.000836978664940069,0.00128409909486674,0.00101854906967736,0.00107461299410415,0.000975047644373532,0.00128059820127471,0.00118299340089223,0.00127254701765289
"ASV002",0.0140972625679232,0.0134398716191368,0.0116369923362093,0.0136321133876868,0.0110270022283392,0.011157274006567,0.00187505476211338,0.00199770697981447,0.00267089261231103,0.00259524734296105,0.00227426175331367,0.00196545133253994,0.00190294957183635,0.00212494687632809,0.00187646356404013,0.00173564961768799,0.00217930293890056,0.00203576685771556,0.00179322019309395,0.00161191949115623,0.00184668114464684,0.00226680601145179,0.00192414589301749,0.00177564700137613
"ASV003",0.0369775469054373,0.0402861823409448,0.0318687347264476,0.037320166013222,0.0365382094638878,0.0363700328352208,0.00821869797599229,0.0072438592224577,0.00660600772778262,0.00736202817697115,0.0062009168117693,0.00582422734321469,0.00551199186325011,0.00676834930978577,0.00696307553928942,0.0076931496567792,0.00577989040317104,0.00554354975101005,0.00504970806375256,0.00470506229851006,0.00518548065416833,0.00518127088331837,0.00443266202021066,0.00609638803805803
"ASV004",0.0101671166398961,0.00782320885293036,0.00925972104466943,0.0101543660493118,0.00838904181413029,0.0077899886081887,0.00157714886532901,0.00185873605947955,0.0018162069763715,0.00162423643232937,0.0014924842756121,0.0015687547333117,0.00180452114570688,0.00152681368150981,0.00156630429725664,0.00121964567729426,0.00181608578241713,0.00147201603557894,0.00111896940049063,0.00130696174958613,0.00161030595813205,0.00125115916216495,0.00114023460326962,0.00112457643420488
"ASV005",0.00570725539113496,0.00683694961719769,0.00578524761857264,0.00528223888187142,0.00716017826713855,0.00494203578368961,0.0284062034522036,0.024580481534239,0.0325848898701946,0.0243635464849405,0.025194555985928,0.0220707562479714,0.00521670658486171,0.00480080590577828,0.00445078547834313,0.00501931105655716,0.004374397928083,0.00501111841899214,0.00370120647854591,0.00438558275972234,0.00361949504350781,0.00434225826869011,0.00352047433759496,0.00449830573681952
"ASV006",0.00599774443798913,0.00458025475577547,0.00475454258307981,0.00633212487081481,0.00530869052300433,0.00537760503920123,0.0207307456409358,0.0251363652155786,0.0256405690781859,0.0221213940185728,0.0280373831775701,0.0305456381405749,0.00497063551953804,0.00390360611355086,0.00496254826853589,0.00495676512438822,0.00473761508456643,0.0035391023834132,0.00371555224009067,0.00371758008771166,0.00378200298423673,0.00372403844738508,0.00427587976226109,0.00498660866219796
"ASV007",0.00557055466320358,0.00531577011801678,0.00560238059614649,0.00520021653898522,0.00466968147856862,0.00469074582858674,0.0277928677823535,0.0287669805093284,0.0242695108705329,0.0274354719113026,0.0253011620056146,0.0305636698041761,0.0049542307818498,0.00369898159953409,0.00466789696509157,0.00475349084483918,0.00372692386652559,0.00422813116602462,0.00375858952472492,0.00457436612355145,0.00477182407776744,0.00395955076026318,0.0036915095280854,0.00504579689557716
"ASV008",0.00259731383069615,0.00215639731202568,0.00207803434575167,0.00196853622926885,0.00222833923187836,0.00189305099510822,0.0092701305528783,0.00835562658513706,0.00915225868485248,0.00986900180078387,0.00948793575210547,0.00903386346424321,0.00131237901505955,0.00163699611213423,0.00164384411395251,0.0018763779650681,0.00153182887734315,0.00140937705534154,0.00121938973130389,0.00121983096628039,0.00155121216150335,0.00129531772082959,0.0011972463334331,0.0013761264260665
"ASV009",0.00275110214961895,0.00229012737788773,0.00236064701677389,0.0023130300693909,0.0025396513304496,0.00217784627755813,0.00259353368965215,0.00231039155056804,0.00222574384359253,0.00291303273189506,0.00220319107352262,0.00286703451260413,0.0151087634108731,0.0123876532716312,0.016515980956221,0.0123997310524917,0.0145602703599008,0.0145792226502553,0.00370120647854591,0.0039934942348465,0.00358994814519346,0.00391539220159854,0.00330668034948191,0.00332933812758024
"ASV010",0.00382762038207853,0.00337668416301695,0.0034910977008628,0.0036089830869929,0.00375213003014812,0.00403739194531931,0.00336458424603522,0.00385644303929403,0.0044692936379338,0.00515518519826277,0.00334032195017945,0.00333585776623751,0.0250336297122609,0.018652311469991,0.0249057891227145,0.0200772442262286,0.0208770904726561,0.0234269786087883,0.00615433170269844,0.00625889460079579,0.00621962209517056,0.00587308830239781,0.00601473753224726,0.00591882333792042
"ASV011",0.00329790506134445,0.00267460131724115,0.00290924808405233,0.00306763562394396,0.00263796041420894,0.00239563090531395,0.00385525278191536,0.00370010075391724,0.00295578782429088,0.0031601991455104,0.00261184748232117,0.00295719283061055,0.0151907870993143,0.0198643182068596,0.0152598359257479,0.0143855643988554,0.0146866067621559,0.0151116539822732,0.00368686071700116,0.00575063169817897,0.00428430025558067,0.0045924901011231,0.00414760336939325,0.00403959692813069
"ASV012",0.0050408393424695,0.00677008458426666,0.00608448456436088,0.00631572040223757,0.00522676628653821,0.00537760503920123,0.00552002102865154,0.00552409408331307,0.00585815779633553,0.00692065958122948,0.00682278525994101,0.00593241732482239,0.0308737163292759,0.0408934221088917,0.0289533675542391,0.0320391537535378,0.0374429512183567,0.039994988881581,0.00793320613424764,0.00647672155906015,0.0102970940625508,0.00730088169922134,0.00885107110788045,0.00868587324839822
"ASV013",0.00454529920371826,0.00451338972284444,0.00487091250644191,0.00520021653898522,0.00389959365578713,0.00547812102124238,0.00587049855428021,0.00413438487996387,0.0047363828991649,0.00552593481868578,0.00444191748694076,0.00492264416315049,0.00835001148331638,0.00972753458941304,0.0067304560892018,0.00836551842759527,0.0074222636324874,0.00656143317986783,0.0280890011046236,0.0286224623159362,0.0339789330615019,0.025641403064604,0.0330097917646556,0.0330418312839408
"ASV014",0.00577560575510065,0.00591755541439604,0.00555250777184845,0.00582358634492036,0.00565277231616201,0.00663405481471554,0.00546744939980724,0.00679220373136921,0.00555545663360695,0.00605557713357579,0.00664510856046338,0.00481445418154279,0.0123199580038715,0.00753962632415671,0.0109641300807965,0.0101793504604944,0.00851191510193768,0.0106016474051802,0.0332391294991895,0.0407191193982167,0.0312458449674245,0.0336929802611243,0.0335514032012086,0.0358384753111082
"ASV015",0.00239226273879908,0.00262445254254288,0.00219440426911376,0.0022310077265047,0.00235941801022414,0.00184279300408765,0.00229562779286778,0.00309210297745197,0.00258186285856733,0.0030013064510434,0.00241640311289577,0.00310144613942082,0.00341218543915483,0.00322677118257229,0.00423367399159468,0.00401857614185417,0.00405855692244524,0.00328854646246359,0.0137575853214168,0.0125177892015916,0.0171076541240083,0.013321165197168,0.0126423511637519,0.014131190719285
"ASV016",0.0020163357369878,0.00252415499314633,0.00237727129153991,0.00216538985219574,0.00271988465067506,0.00206057763184346,0.00220800841146062,0.00192822151964701,0.00199426648385891,0.00252462836764239,0.00254077680253012,0.00250640124057846,0.00418320811050231,0.00450173930836914,0.0036753873113844,0.00420621393836098,0.00307944980496818,0.00325722697234489,0.0119930566514123,0.0140716215038773,0.0153939340217761,0.01368915318604,0.0126280982312111,0.0131545848685281
"ASV017",0.00263148901267899,0.00277489886663769,0.00275962961115821,0.00236224347512262,0.00203172106435968,0.00211083562286404,0.00247086655568212,0.00236250564569364,0.0031872651840245,0.00335440132763674,0.00307380690096301,0.00272278120379386,0.00259194855474261,0.00299066597409139,0.00252779802428547,0.00303347771019342,0.0027794008496123,0.00253687869961477,0.00259658283960004,0.00233800935203741,0.00283650223817755,0.00220792793323226,0.00253702199227491,0.00235273227682337
"ASV018",0.00528006561634941,0.00528233760155127,0.00457167556065367,0.00516740760183074,0.00562000262157557,0.0050760570930778,0.005660212038903,0.00644477643053191,0.00621427681131034,0.00713251650718548,0.00680501758999325,0.00517508745356847,0.00574165819088553,0.00683131069871401,0.00521067568196269,0.00498803809047269,0.00582726655401671,0.00582542516207836,0.00529358601001334,0.00550376114547936,0.00466840993366721,0.00549038079397089,0.00538760850044897,0.00452789985350912
"ASV019",0.00772359112812276,0.0069873959412925,0.00661646135687331,0.00705392148821339,0.00684886616856731,0.00631575420491858,0.00904232016121966,0.00939790848764896,0.00868930396538523,0.0096924543624872,0.0102164102199638,0.0100256049623138,0.00780865513960432,0.00980623632557334,0.00812617278972753,0.00866261160539771,0.00942785401828719,0.00681198910081744,0.00773236547262111,0.00820481542795736,0.00920385882491985,0.00884643125248392,0.0082952067387865,0.00722096447226291
"ASV020",0.00264857660367041,0.00240714118551703,0.00259338686349808,0.00165685132630128,0.00222833923187836,0.00234537291429337,0.00247086655568212,0.00303998888232637,0.00233257954808497,0.00287772324423573,0.00287836253153761,0.00243427458617332,0.0026247580301191,0.00212494687632809,0.00186095560070096,0.00211092521070161,0.00232143139143755,0.00236462150396192,0.00238139641642877,0.00251227091864889,0.00293991638227777,0.00248759880477501,0.00245150439702969,0.00247110874358178
"ASV021",0.000939817504528212,0.001170138076293,0.000731468089704587,0.000984268114634426,0.000753702975488268,0.000887891174696777,0.000823622185227372,0.00116388145780495,0.000676626128452129,0.000971010910631687,0.00111936320670907,0.000919614843665477,0.000885855835165196,0.000550912153122098,0.000868445946993781,0.000766187669069473,0.00107385941916839,0.00112750164427323,0.000745979600327083,0.000624437280357817,0.000576164517129814,0.000942049251512431,0.000684140761961774,0.000947011734067267
"ASV022",0.0017087590991422,0.00203938350439638,0.00207803434575167,0.00149280664052888,0.00158933018744265,0.00196006164980232,0.00182248313326908,0.00198033561477261,0.00252844500632111,0.00192436707743371,0.00136811058597775,0.00176710303292582,0.00198497326027757,0.00237679243204105,0.00192298745405766,0.00170437665160352,0.00175291758128958,0.00145635629051959,0.00170714562382544,0.00155383230228573,0.00172849355138944,0.00195769610079927,0.00199541055572184,0.0014353146594457
"ASV023",0.00150370800724514,0.00177192337267226,0.00197828869715559,0.00178808707491921,0.00172040896578844,0.00159150304898479,0.00155962498904758,0.00196296424973074,0.00162034151813536,0.00167720066381837,0.00151025194555986,0.00221789462295791,0.00193575904721283,0.00187310132061513,0.00167486004063086,0.00161055775335012,0.00203717448636356,0.00165993297629115,0.00169279986228069,0.00121983096628039,0.00166939975476074,0.00128059820127471,0.00141104032154616,0.00162767641792812
"ASV024",0.000273401455862752,0.000451338972284444,0.000282612671022227,0.000410111714431011,0.000409621182330581,0.000519332573879247,0.000403049154472969,0.0003474273008373,0.000338313064226064,0.000459023339571343,0.000550797768380655,0.000396696599228245,0.000344499491453132,0.000456470069729738,0.000372191120140192,0.000328366143886917,0.000457969458174755,0.000469792351780513,0.000502101654066306,0.000363044930440591,0.000354562779772193,0.000397427027981807,0.000327817448440017,0.000399520575309628
"ASV025",0.0144219267967602,0.0158804453211193,0.0150283443884761,0.0148460440624026,0.0154509109975095,0.0174562755478121,0.00285639183387365,0.00284890386686586,0.0034543544452556,0.00250697362381272,0.00369567534913471,0.0024523062497746,0.00280521014468979,0.00190458201507925,0.00288448118108649,0.00267383860022204,0.00191083808410846,0.00300667105139528,0.00259658283960004,0.0026429670936075,0.00311719777216387,0.00239928168744572,0.00279357477801058,0.00247110874358178
"ASV026",0.00541676634428078,0.0055832302497409,0.00463817265971772,0.00470808248166801,0.00417813605977192,0.00378610199021644,0.000823622185227372,0.000781711426883925,0.000730043980698349,0.000847427703824018,0.000710706797910522,0.00079339319845649,0.000754617933659241,0.000787017361602997,0.000852937983654607,0.00090691601644958,0.000979107117477062,0.000782987252967522,0.000602521984879567,0.000958438616363161,0.00078299280533026,0.000809573575518495,0.000712646627043514,0.000606679392136843
"ASV027",0.0118929633300297,0.0142422520143091,0.0139311422539192,0.0134024508276054,0.0139271201992397,0.0140722374857602,0.00282134408131079,0.00257096202619602,0.00263528071081355,0.00273648529359839,0.00234533243310472,0.00308341447581954,0.00226385380097772,0.00201476444570367,0.0022021307941628,0.00239238190546182,0.00164237322931636,0.00225500328854646,0.0022809760856155,0.00196044262437919,0.00271831464492015,0.00191353754213462,0.00216644574621228,0.00161287935958331
"ASV028",0.0293906565052459,0.0321119320651265,0.034910977008628,0.0316114109483423,0.0286407130685542,0.031293975742143,0.0049242092350828,0.00554146544835493,0.00553765068285821,0.0065322552169768,0.00520592729469457,0.00668974719607631,0.00493782604416155,0.00481654625301034,0.00505559604857094,0.00419057745531875,0.00475340713484832,0.00465094428262708,0.00411723356334371,0.00514071621503877,0.00440248784883807,0.00466608769889751,0.00557289662348028,0.00435033515337151
"ASV029",0.00181128464509074,0.00208953227909465,0.00147956045417519,0.00203415410357781,0.00150740595097654,0.00202707230449642,0.0106019451502672,0.00896362436160233,0.00758533501896334,0.00759153984675682,0.00955900643189652,0.00775361534855206,0.0017389021949539,0.00152681368150981,0.00173689189398756,0.00164183071943458,0.00161078912875259,0.00150333552569764,0.00142023039293041,0.00107461299410415,0.001521665263189,0.00172218378792116,0.0015820755120366,0.00184963229310013
"ASV030",0.00598065684699771,0.00536591889271505,0.00463817265971772,0.00559392378483899,0.00517761174465854,0.00505930442940427,0.0197669324454569,0.0239724837577737,0.0246968536885027,0.0206560502807104,0.0235954656906293,0.0225215478380035,0.00333016175071361,0.00363602021060585,0.00358233953134935,0.00369020999796726,0.00402697282188146,0.00440038836167747,0.00319910482447961,0.00418227759867561,0.00350130745025041,0.00395955076026318,0.003406450877268,0.00433553809502671
"ASV031",0.00191381019103927,0.00207281602086189,0.00214453144481572,0.0020669630407323,0.00199895136977323,0.00128995510286136,0.00644878647156751,0.00826876975992774,0.00706896244724987,0.0080858726739875,0.00916811769304573,0.00656352555086732,0.000967879523606417,0.00111756465347626,0.00153528837057829,0.0012821916094632,0.00102648326832273,0.00120580036956998,0.00146326767756466,0.00149574511341524,0.00143302456824595,0.00123643964261007,0.00128276392867833,0.00102099702579127
"ASV032",0.00145244523427087,0.00167162582327572,0.00141306335511113,0.00121393067471579,0.00145825140909687,0.00147423440327012,0.00764041005870499,0.0072438592224577,0.00576912804259183,0.00732671868931182,0.00831526953555311,0.00560784737999928,0.00134518849043604,0.00111756465347626,0.0011630972504381,0.00100073491470299,0.00102648326832273,0.000829966488145573,0.00119069820821438,0.00180070285498533,0.000975047644373532,0.00129531772082959,0.00118299340089223,0.000932214675722466
"ASV033",0.00411810942893271,0.00322623783892214,0.00219440426911376,0.00287078200101708,0.00316227552759208,0.00336728539837834,0.00294401121528082,0.0027273043115728,0.00352557824825057,0.0030013064510434,0.00307380690096301,0.00281293952180028,0.0147970733947964,0.0185736097338307,0.0202068762309446,0.0170437665160352,0.017923977069943,0.0160982179210122,0.00443284031732825,0.0042984519764166,0.0039149640266513,0.00434225826869011,0.00329242741694104,0.00477944984537074
"ASV034",0.00562181743617785,0.00491457992043061,0.0047379183083138,0.0051510031332535,0.00498099357713986,0.00462373517389265,0.00527468676071147,0.00462078310113609,0.00562668043660191,0.00556124430634511,0.0045662911765751,0.00641927224205705,0.0263952229403852,0.0274196848782484,0.0307833072282617,0.0321329726517912,0.0291995009712111,0.0323686930376773,0.00743110448018133,0.00794342307804014,0.00793334219740283,0.00771302824675803,0.0080101480879691,0.00765007916426214
"ASV035",0.00341751819828441,0.00208953227909465,0.00290924808405233,0.00221460325792746,0.00242495739939704,0.00323326408899015,0.00320686935950232,0.00284890386686586,0.00219013194209505,0.00273648529359839,0.00341139262997051,0.00270474954019258,0.0148790970832376,0.0140089090365333,0.013584975885117,0.0156677560083186,0.0155709615779417,0.0151742929625106,0.00424634541724647,0.00323836077953007,0.00341266675530736,0.00423922163180594,0.00409059163922977,0.00384723516964827
"ASV036",0.00133283209733092,0.001170138076293,0.00106395358502485,0.00131235748617924,0.0013435574780443,0.00103866514775849,0.00148952948392184,0.00114651009276309,0.00113958084791937,0.00174781963913704,0.00119043388650012,0.00140646976090014,0.00797270251648676,0.00692575278210637,0.00927376207682645,0.0090222507153691,0.00866983560475657,0.00817438692098093,0.00192233204699671,0.0016554848828091,0.00168417320391792,0.00176634234658581,0.00133977565884181,0.00158328524289371
"ASV037",0.00203342332797922,0.00205609976262913,0.00239389556630592,0.0015420200462606,0.00194979682789356,0.00256315754204919,0.00219048453517918,0.00258833339123788,0.00178059507487402,0.00231277144168638,0.00238086777300025,0.00297522449421184,0.00413399389743758,0.00321103083534023,0.00310159266783493,0.00290838584585555,0.00349004311229727,0.00383663753954086,0.0127964192979184,0.01350527141239,0.0157041764540767,0.0116872985265761,0.0133835036558772,0.0121187907843921
"ASV038",0.00346878097125867,0.00320952158068938,0.00430568716439745,0.00359257861841566,0.00301481190195307,0.00281444749715205,0.00373258564794533,0.00364798665879165,0.0045583233916775,0.00314254440168073,0.00458405884652287,0.0044718525731184,0.00585649135470324,0.00645354236514457,0.00538126327869361,0.00525385830219067,0.00625365191162769,0.00468226377274578,0.0249329335647783,0.0198077314048387,0.0228102054986778,0.0187379483933644,0.0234745798948134,0.0179192376555541
"ASV039",0.00497248897850381,0.00508174250275818,0.00420594151580137,0.00411752161288735,0.00534146021759077,0.0050090464383837,0.00404801542101113,0.00535038043289442,0.00543081497836577,0.00496098301613644,0.00492164457553036,0.00539146741678387,0.00816955936874569,0.00856274889424061,0.00749034629282136,0.0065516863946961,0.00759597618558817,0.00819004666604028,0.0231970964178633,0.032528825767477,0.0233863700158076,0.0297039904617513,0.0286056356095267,0.025806069753333
"ASV040",0.00632240866682615,0.00397846945939621,0.00517014945223015,0.00569235059630243,0.00573469655262813,0.00547812102124238,0.00548497327608867,0.00614946322482021,0.00537739712611955,0.00603792238974612,0.00570342205323194,0.00553572072559414,0.00830079727025165,0.00859422958870473,0.00925825411348728,0.00880333995277782,0.00767493643699762,0.00902001315418585,0.0369977190239144,0.0348668351195144,0.02781840476296,0.0345172733561977,0.0323969156653982,0.0375401370207603
"ASV041",0.00897098527049657,0.00899334692922336,0.00882748990075308,0.00816942535146574,0.00897889631668633,0.00874489043757957,0.00860422325418383,0.0104923044852865,0.00836879685190791,0.0110695243812012,0.00975445080132191,0.00861913520141368,0.0110731979395649,0.00810627882451087,0.00883953910332956,0.00955389113880506,0.00923834941490454,0.00972470168185662,0.00933909076563329,0.00949725538032587,0.00948455435890617,0.00786022344230684,0.00890808283804393,0.0108906349417736
"ASV042",0.012063839239944,0.00987930861555949,0.0117699865343374,0.0115323414098,0.010863153755407,0.0106211887690143,0.0127398580566021,0.0139144633985339,0.00979327291180713,0.0107517389922672,0.0109271170178743,0.0138843809729886,0.0110567932018767,0.0129385654247533,0.0116930043577377,0.0124935499507451,0.0123020071695908,0.0122772401265307,0.00910955858091727,0.00875664372222706,0.010400508206651,0.0110543591857162,0.0116161400208093,0.00973646439087909
"ASV043",0.00859505826868528,0.00732172110594764,0.00631722441108507,0.00813661641431126,0.0057838510945078,0.00593044294042753,0.00706212214141768,0.00818191293471841,0.00696212674275743,0.00789167049186116,0.0089904409935681,0.00726676043131739,0.0065454903376095,0.00823220160236735,0.00626521718902657,0.00584804465779557,0.00848033100137391,0.00718782298224185,0.00691465706457027,0.00636054718131916,0.00731285733280149,0.00699177178856882,0.00620002565527857,0.00787203503943416
"ASV044",0.0043402481118212,0.00401190197586172,0.00497065815503799,0.00534785675618038,0.00360466640450911,0.00477450914695437,0.0052922106369929,0.00510718132230831,0.00555545663360695,0.00432541223826842,0.00609431079208273,0.00558981571639799,0.00515108763410873,0.00413971132203176,0.00486950048850085,0.00478476381092365,0.00538508914612384,0.00460396504744903,0.00467671826358902,0.00547471755104412,0.00456499578956699,0.00413618499492177,0.00456093841307849,0.00369926458620026
"ASV045",0.00138409487030518,0.00132058440038782,0.00146293617940917,0.0016240423891468,0.00157294534014943,0.00167526636735241,0.00164724437045474,0.00156342285376785,0.00160253556738662,0.00185374810211504,0.0016346256351942,0.00146056475170399,0.00165687850651268,0.00116478569517244,0.00156630429725664,0.00115709974512533,0.00151603682706126,0.00125277960474803,0.00126242701593814,0.00126339635793326,0.0014034776699316,0.00157498859237235,0.0011972463334331,0.00121335878427369
"ASV046",0.000768941594613991,0.000668650329310287,0.00054860106727844,0.000508538525894454,0.000639009044435706,0.000351805937144006,0.000648383422413038,0.000677483236632735,0.000534178522462207,0.000723844497016348,0.000728474467858285,0.000919614843665477,0.000623380032153286,0.000739796319906817,0.000651334460245336,0.000562913389520429,0.000615889960993636,0.000532431332017915,0.000473410130976803,0.00043565391652871,0.000620484864601338,0.000412146547536688,0.000399082111144368,0.000488302925378435
"ASV047",0.00206759850996207,0.00195580221323259,0.00151280900370721,0.0021489853836185,0.00124524839428497,0.00177578234939355,0.00161219661789188,0.00198033561477261,0.00153131176439166,0.00157127220084037,0.00147471660566433,0.00185726135093224,0.00206699694871879,0.00169995750106247,0.00196951134407518,0.00212656169374384,0.00210034268749112,0.0018008706818253,0.00143457615447516,0.00137957073567425,0.00147734491571747,0.001368915318604,0.00148230498425051,0.00182003817641053
"ASV048",0.00128156932435665,0.000902677944568888,0.00139643908034512,0.00119752620613855,0.000901166601127278,0.0014574817395966,0.00140191010251468,0.00123336691797241,0.00121080465091434,0.00114755834892836,0.00117266621655236,0.00180316636012839,0.00136159322812428,0.00146385229258157,0.00120962114045562,0.000969461948618517,0.00121598787170538,0.00117448087945128,0.00109027787740112,0.00100200400801603,0.000945500746059182,0.00103036636884172,0.000883681817533958,0.00119856172592889
"ASV049",0.0290147295034346,0.0328140149109023,0.033697404950709,0.0371561213274496,0.0368331367151658,0.0343262078670509,0.00643126259528608,0.00710488830212278,0.00523494952012963,0.00499629250379577,0.00634305817135141,0.00721266544051354,0.00715246563207454,0.00544616014229274,0.00632724904238326,0.00495676512438822,0.00679058162121188,0.00715650349212315,0.00510709110993157,0.0059539368592257,0.00554004343394052,0.00487216097266585,0.00487450292897764,0.005652476287714
"ASV050",0.0201462697788866,0.0173681923038347,0.02247601948365,0.0211781689332174,0.0237580285751737,0.0225825906319105,0.00474897047226847,0.00375221484904284,0.00475418884991364,0.00437837646975742,0.00433531146725418,0.00519311911716975,0.00339578070146658,0.00387212541908675,0.00423367399159468,0.0044876706331212,0.00375850796708937,0.00317892824704814,0.00282611502431607,0.00352879672388255,0.00338311985699301,0.00304694054786052,0.00300736876612363,0.00402479986978589
"ASV051",0.00528006561634941,0.00549964895857711,0.00477116685784583,0.00588920421922932,0.00539061475947044,0.00566240032165114,0.00117409971085604,0.00100753917242817,0.00078346183294457,0.00111224886126902,0.000977221847126968,0.00109993147967832,0.00101709373667115,0.000944420833923596,0.00093047780035048,0.000891279533407346,0.00108965146945028,0.000845626233204923,0.000832054169595593,0.000827742441404548,0.000975047644373532,0.000691817419079441,0.000726899559584385,0.00056228821710244
"ASV052",0.0286388025016233,0.0316104443181438,0.0351437168553522,0.0302334355878541,0.0372591427447896,0.0317462976613282,0.00625602383247174,0.00701803147691346,0.00589376969783302,0.0065852194484658,0.00689385593973206,0.00604060730643009,0.00475737392959087,0.00513135319765154,0.00516415179194516,0.00608259190342908,0.00579568245345293,0.00580976541701901,0.00560919276399788,0.00508262902616828,0.00483091787439614,0.00513711232465372,0.00476047946865067,0.00541572335419719
"ASV053",0.00745018967226,0.00600113670555983,0.00731468089704587,0.00552830591053003,0.00722571765631144,0.00634925953226563,0.0305441163585385,0.0314942848209012,0.0262815833051406,0.0306133258006426,0.0238619807398458,0.0285621551444336,0.00490501656878506,0.00594985125371866,0.00389249879813284,0.00501931105655716,0.00615889960993636,0.00588806414231576,0.00517881991765533,0.00551828294269699,0.00539230894236878,0.0039448312407083,0.00413335043685238,0.00437992927006111
"ASV054",0.00649328457674037,0.00800708769349069,0.00696557112695959,0.00739841532833544,0.007192947961725,0.00760570930777994,0.0382896696749321,0.0265260744189278,0.0291661473264365,0.0281240069206596,0.0338296435805409,0.0349273323956868,0.00649627612454477,0.0060915143788072,0.00597056588558225,0.00567604334433099,0.00513241634161363,0.00613862006326537,0.00523620296383433,0.00511167262060353,0.00493433201849636,0.00571117358729411,0.00515956157979504,0.00587443216288602
"ASV055",0.00548511670824647,0.0049981612115944,0.00510365235316609,0.00657819189947342,0.00598046926202648,0.00574616364001876,0.0229037062998335,0.0225480318243408,0.0231121240718648,0.0220860845309135,0.0248392025869727,0.0207544448050777,0.00459332655270842,0.00502117076702712,0.00403207046818541,0.00348693571841821,0.00396380462075391,0.0053712925553572,0.00370120647854591,0.00326740437396532,0.00413656576400892,0.00447473394468405,0.00386254471857585,0.00338852636095944
"ASV056",0.00121321896039096,0.00110327304336197,0.00156268182800525,0.00113190833182959,0.00150740595097654,0.00150773973061717,0.00695697888372908,0.00455129764096863,0.00534178522462207,0.00610854136506479,0.00628975516150812,0.00694219048649428,0.00113192690048886,0.00129070847302892,0.00107004947040305,0.00101637139774522,0.000821186614658181,0.00070468852767077,0.000832054169595593,0.00107461299410415,0.00081253970364461,0.000868451653738022,0.000669887829420903,0.00105059114248087
"ASV057",0.0041864597928984,0.00384473939353415,0.00490416105597393,0.00324808477829361,0.00371936033556167,0.00321651142531663,0.00473144659598703,0.00423861307021506,0.00341874254375812,0.00400762684933442,0.00540137166411997,0.0044718525731184,0.0233111322549952,0.0231225700838961,0.0266892049067196,0.024377277062843,0.02032436871279,0.0230668044724232,0.00540835210237135,0.0066945485173245,0.00487523822186766,0.00521070992242813,0.006043243397329,0.00630354685488525
"ASV058",0.00606609480195482,0.00551636521680987,0.00485428823167589,0.00572515953345691,0.00511207235548565,0.00519332573879247,0.0049767808639271,0.00535038043289442,0.00594718755007924,0.00533173263655944,0.0042820084574109,0.00476035919073894,0.0342202828176777,0.029938140435378,0.0342881069429152,0.0359482745140963,0.0281888097531703,0.0360330733815653,0.00738806719554708,0.00752229095872905,0.00694352110387212,0.00788966248141661,0.00887957697296219,0.00886343794853583
"ASV059",0.00466491234065821,0.00426264584935308,0.00520339800176217,0.00380583670991978,0.00470245117315507,0.00408764993633988,0.0050819241216157,0.00474238265642914,0.00470077099766742,0.00370749620423008,0.00444191748694076,0.00445382090951711,0.0246071065323665,0.0232170121672884,0.0263015058232402,0.0260816537144465,0.0233090662160668,0.0269974004823201,0.00550877243318462,0.00657837413958351,0.00602756725612729,0.00632939340859914,0.00741152492125255,0.0056228821710244
"ASV060",0.00481870065958101,0.00404533449232724,0.00417269296626935,0.00393707245853771,0.00524315113383143,0.00497554111103665,0.00580040304915447,0.00514192405239204,0.00489663645590356,0.00483739980932877,0.00495717991542589,0.00508492913556205,0.033367236457889,0.0306936771025169,0.0302095125847122,0.0299751379919628,0.0231195616126842,0.0302859469447837,0.00616867746424319,0.00624437280357817,0.00655941142578558,0.00699177178856882,0.006812901754536,0.00763528210591734
"ASV061",0.00104234305047674,0.00111998930159473,0.000831213738300667,0.000853032366016503,0.000983090837593394,0.000787375192655632,0.000998860948041707,0.000938053712260709,0.000961521340431972,0.00112990360509869,0.00103052485697026,0.000883551516462909,0.00162406903113619,0.00176291888999071,0.00169036800397004,0.00170437665160352,0.00165816527959825,0.0018008706818253,0.006699470641399,0.00604106764253144,0.00522980100163985,0.00680041803435536,0.00719773093313949,0.00686583507198769
"ASV062",0.00348586856225009,0.00351041422887901,0.00372383754758699,0.00336291605833429,0.00268711495608861,0.00348455404409301,0.00357487076141242,0.00409964214988014,0.0030982354302808,0.00402528159316408,0.00303827156106748,0.00492264416315049,0.00546277765018537,0.00500543041979506,0.00541227920537196,0.00570731631041546,0.00581147450373482,0.00488584045851734,0.0243017200568092,0.023844791031338,0.0218203844051471,0.0238309021593535,0.0222203218312168,0.0257024903449194
"ASV063",0.00227264960185913,0.00185550466383605,0.00202816152145363,0.00218179432077298,0.00213003014811902,0.00209408295919051,0.00236572329799352,0.00225827745544245,0.00254625095706985,0.00217153349104904,0.00172346398493302,0.00248836957697717,0.00316611437383116,0.00406100958587146,0.00358233953134935,0.00334620737103811,0.00295311340271307,0.00280309436562373,0.0130833345288135,0.0109930004937411,0.0124392441903411,0.0106716516772893,0.0146662675845555,0.0108758378834288
"ASV064",0.00490413861453812,0.00399518571762897,0.00369058899805496,0.00365819649272462,0.00375213003014812,0.00340079072572539,0.00520459125558574,0.00477712538651287,0.00452271149018002,0.00496098301613644,0.0040865640879855,0.00393090266507988,0.00703763246825683,0.00779147187986967,0.00724221887939457,0.00594186355604897,0.00818028204601803,0.00626389802374017,0.0280459638199894,0.0223200023234876,0.0262228722539851,0.0253175736343966,0.0275509186015023,0.0230390198428552
"ASV065",0.00422063497488124,0.00526562134331851,0.00417269296626935,0.0051510031332535,0.00548892384322978,0.00457347718287208,0.00606326119337597,0.0062015773199458,0.00528836737237585,0.0050316019914551,0.0049038769055826,0.00546359407118901,0.00526592079792644,0.0053831987533645,0.00607912162895647,0.00475349084483918,0.00573251425232538,0.00455698581227098,0.00466237250204427,0.0046034097179867,0.00489001167102483,0.00381235556471437,0.00374852125824888,0.00546011452923159
"ASV066",0.00996206554799904,0.00992945739025776,0.0105231659268864,0.0101543660493118,0.00827434788307773,0.0110232526971789,0.0116533777271532,0.0118646423235938,0.0128915083420879,0.0115638572084319,0.0104296222593369,0.0122795629124743,0.0103841989566587,0.0105775133399443,0.0121117193678954,0.0118680906290557,0.0119072059125436,0.00999091734786558,0.0130689887672687,0.0131277046847318,0.0111687275628241,0.0101270294537586,0.0127706275566198,0.0118524437341856
"ASV067",0.00883428454256519,0.00777306007823209,0.00693232257742756,0.00792335832280713,0.0103224537947306,0.00911344903839711,0.00821869797599229,0.00920682347218844,0.00876052776838019,0.0115638572084319,0.00838634021534416,0.0081503119477803,0.008727320450146,0.0113487903543152,0.00797109315633578,0.00872515753756665,0.0099489916775895,0.0091296313696013,0.00941081957335705,0.0080450756585635,0.00907089778250528,0.00858147990049605,0.00939268254443352,0.0097956526242583
"ASV068",0.00934691227230785,0.00671993580956839,0.00846175585590079,0.00864515494020571,0.00863481452352864,0.00775648328084165,0.00769298168754929,0.00951950804294201,0.0114314203806912,0.0109989054058826,0.0100742688603817,0.00867323019221753,0.00746415564815119,0.00952291007539626,0.00752136221949971,0.00652041342861164,0.00799077744263538,0.00878511697829559,0.00771801971107636,0.00895994888327379,0.0104300551049654,0.00778662584453243,0.00897934750074828,0.00935174087391427
"ASV069",0.00148662041625372,0.00178863963090502,0.00157930610277127,0.00198494069784609,0.00137632717263075,0.00134021309388193,0.00171733987558048,0.00177187923427023,0.00174498317337654,0.00132410578722503,0.00188337301446288,0.00198348299614122,0.00154204534269497,0.00132218916749303,0.00133368484716902,0.00140728347380107,0.00200559038579979,0.00122146011462933,0.00159237953146743,0.00116174377740989,0.00124096972920268,0.0012070006035003,0.0010547170080244,0.00168686465130732
"ASV070",0.00107651823245959,0.00110327304336197,0.0009974564859608,0.000902245771748224,0.000819242364661161,0.00134021309388193,0.00108648032944887,0.00083382552200952,0.00115738679866811,0.000971010910631687,0.00087061582744039,0.00115402647048217,0.00113192690048886,0.00111756465347626,0.00102352558038553,0.000891279533407346,0.00108965146945028,0.000861285978264274,0.000918128738864103,0.00103104760245128,0.00112278213594528,0.0010450858883966,0.000726899559584385,0.000784244092274456
"ASV071",0.00177710946310789,0.00173849085620675,0.00119694778315296,0.00160763792056956,0.00139271201992397,0.00192655632245527,0.00171733987558048,0.00220616336031685,0.00188743077936646,0.00128879629956569,0.00161685796524644,0.00176710303292582,0.00172249745726566,0.00155829437597393,0.00153528837057829,0.0013291010585899,0.00146866067621559,0.00134673807510414,0.0013628473467514,0.00153931050506811,0.00163985285644639,0.00150139099459794,0.00161058137711834,0.0013465323093769
"ASV072",0.000580978093708349,0.000434622714051687,0.000581849616810467,0.000557751931626175,0.000491545418796697,0.000636601219593915,0.000297905896784369,0.00059062641142341,0.000445148768718506,0.000388404364252675,0.000533030098432891,0.000685203216848786,0.00063978476984153,0.000409249028033558,0.00046523890017524,0.000469094491267024,0.000442177407892867,0.000438472861661812,0.000459064369432051,0.00043565391652871,0.000398883127243718,0.000485744145311097,0.00051310557147133,0.000458708808688833
"ASV073",0.0323297221557705,0.0339507204707298,0.0320682260236397,0.0292327630046425,0.027968934329532,0.0282282382898881,0.0046613510908613,0.00529826633776882,0.00496786025889852,0.00496098301613644,0.00684055292988877,0.00560784737999928,0.00593851504314446,0.005776707434166,0.00510211993858847,0.00500367457351493,0.00554300964894272,0.00595070312255316,0.00428938270188073,0.00474862769016293,0.00423997990810915,0.00450417298379381,0.00531634383774462,0.00454269691185392
"ASV074",0.0133966713372749,0.0112834743071111,0.01246820607451,0.011942453124231,0.010125835627212,0.0108389733967701,0.00220800841146062,0.00300524615224264,0.00249283310482363,0.00238339041700505,0.0023097970932092,0.00216379963215406,0.00229666327635421,0.00154255402874187,0.0022641626475195,0.00181383203289916,0.00232143139143755,0.00219236430830906,0.002252284562526,0.00182974644942058,0.00189100149211836,0.00166330570970164,0.00176736363506792,0.00198280581820334
"ASV075",0.0120980144219268,0.0122028685099127,0.0110717669941649,0.00971144539772634,0.0087495084545812,0.0116766065804463,0.00240077105055638,0.00218879199527499,0.00202987838535639,0.00192436707743371,0.00165239330514196,0.00209167297774893,0.00177171167033039,0.00173143819552659,0.00218662283082363,0.00161055775335012,0.00219509498918245,0.00178521093676595,0.00170714562382544,0.00123435276349801,0.00141825111908877,0.00161914715103699,0.00141104032154616,0.0013613293677217
"ASV076",0.0290489046854174,0.0275651098258166,0.0276627932106462,0.0346298331665546,0.037357451828549,0.0293841720833613,0.00543240164724437,0.00698328874682973,0.00633891846655152,0.00623212457187246,0.00671617924025443,0.00659958887806989,0.00613537189540339,0.0047535848640821,0.0056293906921204,0.00490985567526152,0.00644315651501034,0.00496413918381409,0.00433241998651498,0.00402253782928175,0.00440248784883807,0.00434225826869011,0.00610025512749248,0.00572646157943801
"ASV077",0.00621988312087762,0.00660292200193909,0.00502053097933603,0.00585639528207484,0.00624262681871805,0.00531059438450714,0.0289494436169281,0.0238682555675225,0.0300386389131248,0.0283711733342749,0.0271312320102342,0.026614735475495,0.00546277765018537,0.00409249028033558,0.00488500845184002,0.00470658139571248,0.00514820839189552,0.00477622224310188,0.00503536230220781,0.0048502802706863,0.00522980100163985,0.00382707508426925,0.00370576246062627,0.00501620277888756
"ASV078",0.00587813130104918,0.00559994650797366,0.00759729356806809,0.00657819189947342,0.0064883995281164,0.00735441935267708,0.0214492245684745,0.0285064100337004,0.0240380335107993,0.0248225698245118,0.0297430794925553,0.0245771574885499,0.00520030184717346,0.00432859548881648,0.00407859435820294,0.00430003283661439,0.00508504019076797,0.00414983244072786,0.00467671826358902,0.00422584299032848,0.00434339405220937,0.00516655136376349,0.0042188680320976,0.00430594397833711
"ASV079",0.00555346707221216,0.00519875631038748,0.00492078533073995,0.00467527354451353,0.00386682396120068,0.00420491858205455,0.0223078945062648,0.0213667790014939,0.0201563362475739,0.0168426256135023,0.0207348708290395,0.0227379278012189,0.0039207323074904,0.00305362736301963,0.00393902268815037,0.00354948165058715,0.00375850796708937,0.00485452096839863,0.00327083363220337,0.0035578403183178,0.00456499578956699,0.00351796517361673,0.0032639215518593,0.00341812047764904
"ASV080",0.00579269334609207,0.00620173180435291,0.00595149036623277,0.00598763103069276,0.00496460872984664,0.00711988206124774,0.0309471655130115,0.0279852690824445,0.0229340645643774,0.0278768405070442,0.022422799474077,0.0232247827184536,0.0053971586994324,0.00484802694747446,0.00379945101809779,0.0037996653792629,0.00487974353710342,0.00389927651977826,0.00436111150960449,0.00347070953501205,0.00406269851822305,0.00503407568776955,0.00352047433759496,0.00366967046951066
"ASV081",0.00187963500905642,0.00220654608672395,0.00182867022426147,0.0020669630407323,0.00163848472932232,0.00189305099510822,0.00227810391658635,0.00260570475627975,0.00208329623760261,0.00185374810211504,0.00179453466472407,0.00162284972411555,0.00926867679385807,0.00963309250602068,0.00939782578353985,0.0105858990195925,0.0108491385436571,0.00881643646841429,0.00301260992439784,0.0021492259882083,0.0029251429331206,0.00231096457011643,0.0028790923732558,0.00217516757668575
"ASV082",0.00276818974061037,0.00329310287185316,0.0027430053363922,0.00298561328105776,0.00217918468999869,0.00190980365878175,0.00276877245246649,0.00246673383594483,0.00256405690781859,0.00245400939232372,0.00246970612273906,0.00268671787659129,0.0126152432822599,0.013127449591538,0.0131197369849418,0.015026660203587,0.0130442335328396,0.0166932882332676,0.0044758776019625,0.00390636345154076,0.0043286206030522,0.00360628229094602,0.00333518621456365,0.00343291753599384
"ASV083",0.00228973719285055,0.00225669486142222,0.00254351403920004,0.00205055857215506,0.0021136453008258,0.00246264156000804,0.00220800841146062,0.00262307612132161,0.00256405690781859,0.00287772324423573,0.00275398884190327,0.00266868621299001,0.01597821450835,0.0149375895232249,0.0133678643983686,0.0127593701624631,0.0149076954661024,0.0127157129881926,0.00378728104781442,0.00326740437396532,0.00452067544209547,0.00420978259269617,0.00399082111144368,0.00327014989420103
"ASV084",0.00237517514780766,0.00255758750961185,0.00287599953452031,0.00277235518955363,0.00214641499541224,0.00237887824164042,0.00231315166914922,0.00253621929611229,0.00284895211979844,0.00194202182126337,0.00262961515226893,0.00252443290417974,0.0122379343154303,0.0138200248697486,0.0156785509359056,0.015026660203587,0.011433444404087,0.0126843934980739,0.00288349807049507,0.00322383898231245,0.00276263499239167,0.00314997718474469,0.00363449779792192,0.00327014989420103
"ASV085",0.00196507296401353,0.00138744943331885,0.00187854304855951,0.00144359323479716,0.00194979682789356,0.00105541781143202,0.00133181459738894,0.00151130875864225,0.00165595341963284,0.00148299848169203,0.00147471660566433,0.00102780482527318,0.00231306801404246,0.00267585902945019,0.00243475024425042,0.00254874673588416,0.00228984729087377,0.00317892824704814,0.00750283328790509,0.00774011791699341,0.0081844908330748,0.00942049251512431,0.00830945967132738,0.0103727378997055
"ASV086",0.00150370800724514,0.00183878840560329,0.00164580320183532,0.00201774963500057,0.00224472407917158,0.0014574817395966,0.00192762639095768,0.00199770697981447,0.00215452004059757,0.00243635464849405,0.00161685796524644,0.00209167297774893,0.00324813806227238,0.00269159937668225,0.00241924228091125,0.00289274936281332,0.00303207365412251,0.00259951767985217,0.0103863313584002,0.0115448287880108,0.0112721417069243,0.0113487495768138,0.00979176465557789,0.0114677202172208
"ASV087",0.00329790506134445,0.00369429306943934,0.00505377952886805,0.00460965567020456,0.00404705728142614,0.00450646652817798,0.00536230614211864,0.00449918354584303,0.00459393529317498,0.00407824582465308,0.00543690700401549,0.00596848065202496,0.0074313461727747,0.00606003368434308,0.00663740830916676,0.00878770346973559,0.00786444104038027,0.00656143317986783,0.0282324587200712,0.0247160988643955,0.0244796052534385,0.0262007448076895,0.022747680335229,0.0324795430668383
"ASV088",0.00555346707221216,0.00583397412323226,0.00482103968214387,0.00464246460735904,0.00558723292698912,0.0050090464383837,0.00509944799789713,0.00587152138415037,0.00669503748152633,0.00520814942975177,0.00694715894957535,0.00483248584514407,0.00921946258079333,0.00878311375548945,0.009056650590078,0.0105077166043813,0.0108017623928115,0.00905133264430455,0.0341716039995983,0.0383811100461793,0.0291480151871057,0.0323829430207398,0.0347914083322644,0.0290762196475341
"ASV089",0.00768941594613991,0.0067533683260339,0.00694894685219357,0.00633212487081481,0.00488268449338052,0.0059807009314481,0.00564268816262157,0.00746968696800195,0.00644575417104396,0.00753857561526782,0.00549021001385878,0.00694219048649428,0.00636503822303881,0.0060128126426469,0.00535024735201526,0.00680187012337185,0.00732751133079608,0.00678066961069874,0.00608260289497468,0.00685428828671836,0.00604234070528446,0.00665322283880654,0.00654209603625946,0.00667347331350527
"ASV090",0.00539967875328936,0.00585069038146501,0.00497065815503799,0.00659459636805066,0.0062753965133045,0.00584667962205991,0.00662402523438185,0.00639266233540632,0.00724702195473727,0.00556124430634511,0.00570342205323194,0.00755526704893794,0.00762820302503363,0.00702019486549873,0.00680799590589768,0.00598877300517568,0.00677478957092999,0.00632653700397758,0.00592479951798241,0.00547471755104412,0.00630826279011361,0.00571117358729411,0.00639956671085076,0.00543052041254199
"ASV091",0.010850620279553,0.0115007856641369,0.0111548883679949,0.00816942535146574,0.0107976143662341,0.0108222207330966,0.0115482344694646,0.0101275058194073,0.0103630633357668,0.0121817732424703,0.011851035855158,0.00943056006347146,0.0101873421043998,0.00972753458941304,0.00815718871640587,0.0112269948243241,0.00991740757702573,0.00851890131228664,0.0111036194356377,0.0114286544102698,0.0115528372409106,0.0118492132416798,0.00929291201664743,0.0118080525591512
"ASV092",0.00661289771368033,0.00690381465012872,0.0059847389157648,0.00626650699650585,0.00630816620789094,0.00735441935267708,0.00832384123368089,0.00826876975992774,0.0090276170296113,0.00704424278803715,0.00628975516150812,0.00721266544051354,0.00620099084615637,0.00840534542192001,0.00555185087542453,0.00600440948821791,0.00626944396190957,0.00596636286761252,0.00695769434920453,0.00580871888704946,0.00663327867157145,0.00669738139747119,0.00735451319108907,0.00861188795667421
"ASV093",0.00123030655138239,0.0014041656915516,0.00121357205791897,0.00119752620613855,0.0014090968672172,0.00117268645714669,0.00168229212301761,0.00166765104401904,0.00169156532113032,0.00153596271318103,0.00131480757613447,0.00117205813408345,0.00127956953968306,0.00136941020918921,0.00113208132375975,0.00100073491470299,0.00123177992198727,0.00140937705534154,0.00134850158520665,0.00133600534402138,0.00118187593257398,0.00103036636884172,0.00108322287310614,0.00100619996744647
"ASV094",0.000495540138751239,0.000367757681120658,0.000531976792512427,0.000311684902967568,0.000376851487744134,0.000502579910205723,0.000473144659598703,0.00038217003092103,0.000427342817969765,0.000335440132763674,0.000319818059059735,0.000450791590032096,0.000508546868335575,0.000409249028033558,0.000403207046818541,0.000359639109971385,0.000394801257047202,0.00073600801778947,0.000573830461790064,0.000304957741570097,0.000457976923872416,0.000323829430207398,0.000228046920653925,0.000503099983723236
"ASV095",0.00102525545948532,0.000785664136939587,0.00079796518876864,0.00075460555455306,0.000704548433608599,0.000938149165717349,0.000876193814071673,0.00076434006184206,0.000587596374708428,0.000776808728505349,0.000764009807753811,0.000865519852861625,0.000590570556776797,0.000676834930978577,0.000604810570227812,0.0006410958047316,0.000489553558738531,0.000642049547433368,0.00063121350796907,0.000769655252534054,0.000635258313758513,0.000603500301750151,0.00051310557147133,0.000591882333792042
"ASV096",0.00083729195857968,0.000919394202801645,0.000930959386896747,0.000918650240325465,0.000933936295713724,0.000720364537961536,0.000753526680101638,0.00090331098217698,0.000943715389683232,0.00104162988595035,0.000657403788067233,0.000829456525659057,0.000688998982906263,0.000912940139459477,0.00069785835026286,0.00071927821994277,0.000821186614658181,0.000751667762848821,0.000588176223334816,0.000726089860881183,0.000797766254487435,0.00076541501685385,0.000897934750074828,0.000858229383998461
"ASV097",0.00598065684699771,0.00596770418909431,0.00625072731202101,0.00526583441329418,0.00611154804037226,0.00584667962205991,0.00112152808201174,0.00119862418788868,0.000925909438934492,0.00121817732424703,0.00122596922639565,0.00113599480688088,0.000820236884412218,0.0010231225700839,0.000790906130297908,0.00121964567729426,0.0010580673688865,0.00112750164427323,0.000645559269513822,0.00116174377740989,0.00101936799184506,0.000956768771067312,0.000969199412779179,0.000813838208964058
"ASV098",0.0133283209733092,0.00882618434689579,0.00930959386896747,0.0100395347692711,0.00888058723292699,0.00995108222207331,0.00184000700955051,0.00178925059931209,0.00235038549883371,0.00217153349104904,0.00190114068441065,0.00185726135093224,0.00216542537484826,0.00203050479293573,0.00164384411395251,0.0018763779650681,0.00150024477677937,0.00175389144664725,0.00146326767756466,0.00145217972176237,0.00175804044970379,0.001368915318604,0.0014395461866279,0.00168686465130732
"ASV099",0.00468199993164964,0.0047641335963358,0.00410619586720529,0.00342853393264325,0.00348997247345655,0.00392012329960464,0.000823622185227372,0.0006948546016746,0.00074784993144709,0.000918046679142686,0.000444191748694076,0.000829456525659057,0.000803832146723974,0.000944420833923596,0.000744382240280384,0.000672368770816068,0.000600097910711748,0.000689028782611419,0.000616867746424319,0.000334001336005344,0.000797766254487435,0.000971488290622194,0.000612876099257422,0.000725055858895252
"ASV100",0.0104576056867503,0.00974557854969744,0.0116868651605074,0.00954740071195394,0.0109778476864596,0.0103866514775849,0.00238324717427495,0.00201507834485634,0.00186962482861772,0.00215387874721938,0.00234533243310472,0.0022359262865592,0.00182092588339512,0.00174717854275865,0.00184544763736179,0.0020171063124482,0.00118440377114161,0.0017382317015879,0.00157803376992268,0.00145217972176237,0.00159553250897487,0.0016927447488114,0.00133977565884181,0.00133173525103209
"ASV101",0.00722805098937152,0.00529905385978403,0.0052366465512942,0.00611886677931068,0.00714379341984533,0.00661730215104202,0.0217997020941032,0.0201160407184797,0.0269225975320952,0.0224391794075068,0.0235599303507338,0.0293555483428901,0.00442927917582598,0.00377768333569439,0.00296202099778236,0.00347129923537598,0.00492711968794909,0.0037270193241254,0.00401681323253045,0.00450175713746333,0.00381154988255108,0.00506351472687931,0.00467496187340545,0.00396561163640668
"ASV102",0.000973992686511056,0.000969542977499916,0.000964207936428773,0.00106629045752063,0.00050793026608992,0.000804127856329156,0.00375010952422676,0.00317895980266129,0.00365021990349175,0.00360156774125207,0.00444191748694076,0.00375058602906704,0.000885855835165196,0.000676834930978577,0.000821922056976257,0.000734914702985005,0.000647474061557412,0.000782987252967522,0.000559484700245313,0.000551828294269699,0.000679578661230037,0.000485744145311097,0.00048459970638959,0.000636273508826445
"ASV103",0.00456238679470968,0.00426264584935308,0.00433893571392948,0.00364179202414738,0.00452221785292961,0.00308249011592843,0.0152107246122842,0.0186047319598374,0.0161321913783586,0.0187140284594471,0.017696599267972,0.0200872732518302,0.00285442435775452,0.00275456076561049,0.00258982987764217,0.00248620080371523,0.00326895440835084,0.00283441385574243,0.00259658283960004,0.00217826958264355,0.00323538536542126,0.00348852613450697,0.00233748093670273,0.00324055577751143
"ASV104",0.00225556201086771,0.00250743873491358,0.00244376839060396,0.00159123345199232,0.00247411194127671,0.00219459894123166,0.0093752738105669,0.00950213667790015,0.0128024785883442,0.0113696550263056,0.0100387335204861,0.0108911248151754,0.00165687850651268,0.00190458201507925,0.00184544763736179,0.00167310368551905,0.00161078912875259,0.0017069122114692,0.00164976257764643,0.00207661700212018,0.00187622804296119,0.00167802522925652,0.00175311070252704,0.00195321170151374
"ASV105",0.00258022623970473,0.00284176389956872,0.00279287816069024,0.00250988369231779,0.00216279984270547,0.00333378007103129,0.00292648733899939,0.00291838932703332,0.00268869856305977,0.00293068747572473,0.00287836253153761,0.00257852789498359,0.0180124019816923,0.0187624939006154,0.0164849650295427,0.0135255578315325,0.0166921971479557,0.0142347082589495,0.00351471157846414,0.0043565391652871,0.00491955856933918,0.00438641682735475,0.00342070380980887,0.00384723516964827
"ASV106",0.0028707152865589,0.00312594028952559,0.00382358319618307,0.00293639987532604,0.00348997247345655,0.00321651142531663,0.00392534828704109,0.00270993294653094,0.00368583180498923,0.0030542706825324,0.00323371593049288,0.00315554113022467,0.0172085698349683,0.0197226550817711,0.0192763984305941,0.0190139633793567,0.0206875858692734,0.0205612452629271,0.00483452164058129,0.00537306497052075,0.0052593478999542,0.00476912433578168,0.00527358504012201,0.00543052041254199
"ASV107",0.00423772256587266,0.00310922403129284,0.00433893571392948,0.00460965567020456,0.00370297548826845,0.00341754338939891,0.0048716376062385,0.00368272938887538,0.00343654849450686,0.00420182903146075,0.00470843253615721,0.00355223772945292,0.0192263525706224,0.0217216791802427,0.023975311322364,0.025643832189264,0.021587732735341,0.0198722164803157,0.00484886740212604,0.00506810722895065,0.00558436378141205,0.00635883244770891,0.00470346773848719,0.00538612923750758
"ASV108",0.00189672260004785,0.00223997860318946,0.00222765281864579,0.00205055857215506,0.001835102896841,0.00164176104000536,0.00205029352492771,0.00257096202619602,0.00206549028685387,0.00238339041700505,0.00198997903414946,0.00250640124057846,0.0112536500541356,0.0108608395901214,0.0144224059054324,0.0116491798664644,0.012838936879175,0.0110714397569608,0.00411723356334371,0.00268653248526038,0.00381154988255108,0.00325301382162886,0.00283633357563319,0.00368446752785546
"ASV109",0.00114486859642528,0.001170138076293,0.00119694778315296,0.000967863646057186,0.00106501507405951,0.00122294444816726,0.00119162358713747,0.00116388145780495,0.00124641655241182,0.000988665654461354,0.000994989517074731,0.00117205813408345,0.00172249745726566,0.00179439958445483,0.00186095560070096,0.00217347114287055,0.00216351088861867,0.00216104481819036,0.0062547520335117,0.00624437280357817,0.00586505931539837,0.00705064986678835,0.00738301905617081,0.00733934093902132
"ASV110",0.00386179556406138,0.00362742803650831,0.0029923694578824,0.00352696074410669,0.00321143006947175,0.00443945587348388,0.00432839744151406,0.00403015668971268,0.00366802585424049,0.00473147134635076,0.00413986709782879,0.00338995275704136,0.00693920404212737,0.005776707434166,0.00553634291208536,0.00648914046252717,0.00637998831388279,0.00627955776879952,0.0254493809803893,0.0211146931544248,0.0232238620750787,0.021534657108792,0.0264391898633144,0.0234089463014753
"ASV111",0.0050408393424695,0.00498144495336164,0.00483766395690988,0.00536426122475762,0.00504653296631275,0.00430543456409569,0.00590554630684307,0.00632317687523886,0.00576912804259183,0.00550828007485611,0.00676948225009772,0.00479642251794151,0.00849765412251058,0.00722481937951551,0.00812617278972753,0.0070051444029209,0.00909622096236754,0.00798646998026872,0.0266113876655142,0.0290435944352473,0.0303151176705225,0.0266128913552262,0.0280640241729736,0.0284399461387076
"ASV112",0.00567308020915211,0.0062853130955167,0.00492078533073995,0.00449482439016388,0.00429282999082449,0.00490853045634256,0.00494173311136423,0.00677483236632735,0.00642794822029522,0.0046608523710321,0.0062009168117693,0.00607667063363266,0.00861248728632829,0.00955439076986038,0.0101577159871594,0.0090222507153691,0.00810132179460859,0.00920793009489805,0.0346306683690304,0.0289274200575063,0.0369927166895655,0.0369165550436434,0.0363449779792192,0.030348766665187
"ASV113",0.00599774443798913,0.00789007388586139,0.00781340914002627,0.00797257172853885,0.00678332677939442,0.00817529987267976,0.00788574432664505,0.0083382552200952,0.00819073734442051,0.00875675293951485,0.00705376496926193,0.0102419849255292,0.00759539354965714,0.00736648250460405,0.00700959942930695,0.00877206698669335,0.00656949291726545,0.00731310094271665,0.00553746395627412,0.00852429496674508,0.00738672457858736,0.0088611507720388,0.00744003078633429,0.00800520856453737
"ASV114",0.0045794743857011,0.00466383604693925,0.00322510930460659,0.0052330254761397,0.00376851487744134,0.0046572405012397,0.00431087356523263,0.00422124170517319,0.00409536867221025,0.00517283994209244,0.00465512952631392,0.0053554040895813,0.00454411233964369,0.0045961813917615,0.00404757843152459,0.00428439635357215,0.00401118077159958,0.00396191550001566,0.00384466409399343,0.00505358543173303,0.00373768263676521,0.0049163195313305,0.00440415615512892,0.00402479986978589
"ASV115",0.0114145107822699,0.00929423957741299,0.00924309676990341,0.00921931134040913,0.00943767204089658,0.00951551296656168,0.0105493735214229,0.0131327519716499,0.0117341215434198,0.0113696550263056,0.0109804200277176,0.0102780482527318,0.0120082679877949,0.0132218916749303,0.00955290541693159,0.0106015355026347,0.0123335912701546,0.0127940117134893,0.0125525413516577,0.0126049199848973,0.0105039223507512,0.0129237381691862,0.00954946480238309,0.0104615202497743
"ASV116",0.00837291958579679,0.00924409080271472,0.00739780227087593,0.00928492921471809,0.0101913750163848,0.00949876030288816,0.00976079908875843,0.011708300038217,0.0107191823507416,0.00865082447653685,0.0120109448846878,0.00845685022900213,0.00933429574461104,0.00977475563110922,0.00986306468371509,0.00875643050365112,0.0109280987950666,0.0114159541482665,0.011204039766451,0.0105283029827771,0.0101936799184506,0.00956768771067312,0.0100055586436909,0.0100619996744647
"ASV117",0.000512627729742661,0.000585069038146501,0.000365734044852293,0.000524942994471694,0.000442390876917027,0.000703611874288012,0.000350477525628669,0.00038217003092103,0.000445148768718506,0.000335440132763674,0.000461959418641839,0.000631108226044935,0.000393713704517865,0.000503691111425918,0.000263635376765969,0.000437821525182556,0.000300048955355874,0.000407153371543111,0.000473410130976803,0.000421132119311086,0.000339789330615019,0.00033854894976228,0.000256552785735665,0.000429114691999231
"ASV118",0.00150370800724514,0.00125371936745679,0.00161255465230329,0.00165685132630128,0.00150740595097654,0.00152449239429069,0.00148952948392184,0.00154605148872598,0.00129983440465804,0.0015006532255217,0.0014924842756121,0.00218183129575535,0.00126316480199482,0.00166847680659835,0.00120962114045562,0.00107891732991416,0.00101069121804084,0.00162861348617245,0.00124808125439339,0.00158287589672098,0.00113755558510245,0.00116284204483566,0.0014395461866279,0.00113937349254968
"ASV119",0.00141827005228803,0.00120357059275852,0.00089771083736472,0.00119752620613855,0.00124524839428497,0.00102191248408497,0.00150705336020328,0.00144182329847479,0.00138886415840174,0.00120052258041736,0.00106606019686578,0.00135237477009629,0.00139440270350077,0.00140089090365333,0.00108555743374223,0.00100073491470299,0.000963315067195174,0.00117448087945128,0.00106158635431162,0.00136504893845662,0.00119664938173115,0.00107452492750637,0.00112598167072875,0.000932214675722466
"ASV120",0.000239226273879908,0.000200595098793086,0.00034910977008628,0.000164044685772404,0.000311312098571241,0.000301547946123434,0.000403049154472969,0.00024319911058611,0.000373924965723545,0.00017654743829667,0.000302050389111972,0.000180316636012839,0.000213261589947177,0.000362027986337379,0.000155079633391747,0.000125091864337873,0.000221088703946433,0.000219236430830906,0.000243877946260777,0.000188783363829107,0.000236375186514796,0.000250231832432989,0.000327817448440017,0.000207158816827215
"ASV121",0.0131745326543864,0.0125873424492662,0.0118697321829335,0.0108925671352877,0.0148119019530738,0.0145078067412719,0.00276877245246649,0.00213667790014939,0.00270650451380851,0.00259524734296105,0.00239863544294801,0.00232608460456562,0.00287082909544276,0.00295918527962727,0.00212459097746693,0.00165746720247682,0.00290573725186741,0.00205142660277491,0.00170714562382544,0.0023960965409079,0.00214215012779034,0.00204601321812856,0.00239449266686621,0.00192361758482414
"ASV122",0.0307405761935682,0.0340510180201264,0.0371053812777418,0.034252530389278,0.0322289946257701,0.038966695704617,0.0051870673793043,0.00531563770281069,0.00632111251580278,0.00594964867059779,0.00611207846203049,0.00596848065202496,0.00493782604416155,0.0056193039618454,0.00646682071243584,0.00672368770816068,0.00590622680542615,0.00493281969369539,0.00589610799489291,0.00556184833434986,0.005495723086469,0.00469552673800727,0.00654209603625946,0.00489782631212915
"ASV123",0.0251529339393732,0.0240045468222393,0.0322178444965338,0.0281172591413901,0.0309345916896055,0.0290826241372378,0.00494173311136423,0.00441232672063371,0.00573351614109435,0.00420182903146075,0.00607654312213496,0.00479642251794151,0.00446208865120247,0.00547764083675686,0.00350479971465347,0.00511312995481056,0.00386905231906258,0.00477622224310188,0.00443284031732825,0.00396445064041126,0.00375245608592238,0.004106745955812,0.00508829691709069,0.00378804693626907
"ASV124",0.0158060216670654,0.0155294038982314,0.0119029807324655,0.0161419970800046,0.01636846244593,0.013234604302084,0.00269867694734075,0.00303998888232637,0.0034543544452556,0.00217153349104904,0.00346469563981379,0.00293916116700927,0.00275599593162505,0.00251845555712959,0.00217111486748445,0.00240801838850406,0.00249514394453832,0.00238028124902127,0.0022235930394365,0.00243966193256077,0.00220124392441903,0.00267895255898847,0.00255127492481578,0.00253029697696098
"ASV125",0.00227264960185913,0.00232355989435325,0.00217777999434775,0.00250988369231779,0.00181871804954778,0.0022951149232728,0.00760536230614212,0.0103012194698259,0.0095617955520735,0.00997493026376187,0.00845741089513521,0.0091600851094522,0.00167328324420093,0.00127496812579686,0.00144224059054324,0.00182946851594139,0.00181608578241713,0.00125277960474803,0.0017501829084597,0.00164096308559147,0.00132961042414573,0.00132475675993936,0.00142529325408703,0.00174605288468652
"ASV126",0.00521171525238372,0.00519875631038748,0.00528651937559224,0.00587279975065208,0.00532507537029755,0.00502579910205723,0.0294926837816525,0.0219052913177918,0.0284182973949894,0.0277885667878959,0.0213034362673679,0.0237296692992896,0.00354342334066078,0.00371472194676615,0.00511762790192764,0.00439385173486779,0.00502187198964042,0.00389927651977826,0.00413157932488846,0.00428393017919898,0.00484569132355331,0.00462192914023286,0.00419036216701586,0.00451310279516432
"ASV127",0.00627114589385188,0.00620173180435291,0.00493740960550596,0.00621729359077413,0.00434198453270416,0.00574616364001876,0.0271970559887847,0.0254143070562485,0.0268157618276028,0.0269941033155609,0.0286947869656373,0.0215117746763316,0.0049542307818498,0.00393508680801498,0.00472992881844827,0.00533204071740184,0.00360058746427049,0.0036017413636506,0.00401681323253045,0.0045453225291162,0.00367858884013651,0.00319413574340934,0.00334943914710452,0.00433553809502671
"ASV128",0.00157205837121083,0.00180535588913778,0.00184529449902748,0.0013779753604882,0.00154017564556298,0.00196006164980232,0.00846403224393236,0.00766077198346246,0.00813731949217428,0.00949825218036086,0.0100387335204861,0.010097731616719,0.00157485481807146,0.00160551541767011,0.00145774855388242,0.00186074148202586,0.00162658117903447,0.00155031476087569,0.00120504396975913,0.00137957073567425,0.00177281389886097,0.00160442763148211,0.0014395461866279,0.0013465323093769
"ASV129",0.00613444516592051,0.00538263515094781,0.0064834671587452,0.00521662100756246,0.00594769956744003,0.00494203578368961,0.00692193113116621,0.00769551471354619,0.00535959117537081,0.00593199392676812,0.00625421982161259,0.00665368386887374,0.03289149906493,0.0317482803670649,0.0376843509141944,0.0421090488327365,0.0418489332470035,0.0370196373203044,0.0098125008966101,0.00774011791699341,0.00852428016368982,0.00931745587824013,0.00970624706033266,0.00784244092274456
"ASV130",0.00507501452445234,0.0059342716726288,0.00462154838495171,0.00475729588739973,0.00504653296631275,0.00593044294042753,0.00537983001840007,0.00581940728902477,0.00462954719467246,0.00644398149782847,0.00637859351124693,0.00674384218688016,0.0291020046589455,0.0275298673088728,0.0249988369027496,0.0257689240536019,0.0286941553621907,0.0257133013874534,0.00799058918042664,0.00746420376985856,0.0078299280533026,0.00659434476058701,0.00678439588945426,0.00830114973143339
"ASV131",0.00372509483613,0.00493129617866337,0.00452180273635563,0.0044620154530094,0.00463691178398217,0.00487502512899551,0.00457373170945413,0.00562832227356426,0.00434465198269262,0.00444899544507609,0.00504601826516471,0.0052472141079736,0.02550936710522,0.0257669484188821,0.0258672828497433,0.0245805513423921,0.0231037695624023,0.0271539979329137,0.00695769434920453,0.00811768464465162,0.00559913723056922,0.00768358920764826,0.00543036729807158,0.00600760568798923
"ASV132",0.00112778100543385,0.00103640801043095,0.00109720213455688,0.00144359323479716,0.00137632717263075,0.00130670776653488,0.00105143257688601,0.00111176736267936,0.00129983440465804,0.00120052258041736,0.00152801961550762,0.00140646976090014,0.00803832146723974,0.00579244778139806,0.00776948963292651,0.00727096461463888,0.00754860003474251,0.00659275266998653,0.00183625747772821,0.0019023554355087,0.00143302456824595,0.00188409850302486,0.00162483430965921,0.00155369112620411
"ASV133",0.00498957656949523,0.00565009528267193,0.00505377952886805,0.00495414951032661,0.00498099357713986,0.00628224887757153,0.00655392972925611,0.00680957509641108,0.00587596374708428,0.00623212457187246,0.00515262428485128,0.00659958887806989,0.00967879523606418,0.0101053029229825,0.0100026363537677,0.00784951448720154,0.00991740757702573,0.0103197719941119,0.0367538410776536,0.0328337835090471,0.0331959402561716,0.039330556250644,0.0359458958680749,0.0295053343395333
"ASV134",0.00627114589385188,0.0060512854802581,0.00578524761857264,0.00526583441329418,0.00622624197142483,0.00526033639348656,0.00499430474020853,0.00580203592398291,0.00544862092911451,0.00580841071996045,0.00549021001385878,0.00549965739839158,0.00823517831949867,0.00768128944924525,0.0105143991439604,0.00941316279142495,0.00977527912448873,0.00853456105734599,0.0370981393547276,0.0358397955330952,0.0373915998168092,0.0357978715574724,0.0361596898561879,0.0321688048415975
"ASV135",0.00304159119647312,0.00369429306943934,0.00289262380928632,0.00354336521268394,0.00321143006947175,0.00259666286939623,0.00336458424603522,0.00408227078483827,0.00270650451380851,0.00367218671657074,0.00318041292064959,0.00319160445742724,0.00388792283211391,0.00505265146149124,0.00542778716871113,0.00498803809047269,0.00472182303428454,0.00560618873124746,0.0219059778788357,0.0200691237547559,0.0170928806748512,0.0216671327847859,0.0195977822436966,0.022092008108788
"ASV136",0.000717678821639725,0.000551636521680987,0.000714843814938573,0.00075460555455306,0.000589854502556036,0.000552837901226295,0.000473144659598703,0.00052114095125595,0.000641014226954648,0.000529642314890011,0.000604100778223944,0.000739298207652638,0.00116473637586535,0.000960161181155656,0.000914969837011305,0.00112582677904086,0.00113702762029594,0.000861285978264274,0.00367251495545641,0.004051581423717,0.00453544889125264,0.00429809971002547,0.0036915095280854,0.00331454106923544
"ASV137",0.00459656197669253,0.00389488816823242,0.00517014945223015,0.00460965567020456,0.0030311967492463,0.00371909133552235,0.00546744939980724,0.00508980995726644,0.00486102455440608,0.00549062533102645,0.00493941224547813,0.00414728262829529,0.00482299288034384,0.00492672868363476,0.00496254826853589,0.00387784779447407,0.00386905231906258,0.0034451439130571,0.00341429124765088,0.00394992884319363,0.00370813573845086,0.00479856337489144,0.0032639215518593,0.00380284399461387
"ASV138",0.00630532107583473,0.00641904316137876,0.00656658853257527,0.0065289784937417,0.00814326910473194,0.00768947262614756,0.00865679488302813,0.0075391724281694,0.00724702195473727,0.00845662229441051,0.00790661312675456,0.00856504021060983,0.00670953771449195,0.00695723347657049,0.00589302606888637,0.006410958047316,0.0076907284872795,0.0072974411976573,0.0058100334256244,0.00643315616740728,0.00814017048560327,0.00793382104008125,0.00614301392511509,0.00685103801364289
"ASV139",0.00210177369194491,0.00217311357025843,0.00259338686349808,0.00262471497235847,0.00201533621706646,0.00242913623266099,0.00226058004030492,0.00293576069207518,0.00206549028685387,0.00254228311147205,0.00286059486158985,0.00250640124057846,0.00237868696479543,0.00165273645936629,0.00190747949071848,0.00259565618501087,0.00255831214566587,0.00223934354348711,0.00246747098569728,0.00249774912143127,0.00239329876346231,0.00209017177679321,0.00259403372243839,0.00192361758482414
"ASV140",0.0053484159803151,0.00437965965698238,0.00482103968214387,0.0053150478190259,0.0050793026608992,0.00512631508409837,0.004608779462017,0.00557620817843866,0.0048254126529086,0.00674411214293281,0.00584556341281404,0.00595044898842367,0.00559401555169133,0.00409249028033558,0.00435773769830808,0.00505058402264163,0.00549563349809706,0.00504243790911084,0.00572395885635589,0.00530045598443263,0.00621962209517056,0.00594668590017222,0.00471772067102806,0.00466107337861233
"ASV141",0.00150370800724514,0.00120357059275852,0.00103070503549283,0.00124673961187027,0.00116332415781885,0.00100515982041145,0.00119162358713747,0.00112913872772122,0.00115738679866811,0.000865082447653685,0.000923918837283679,0.00120812146128602,0.0010334984743594,0.0011805260424045,0.000883953910332956,0.000953825465576283,0.00102648326832273,0.000876945723323624,0.00121938973130389,0.000827742441404548,0.000915953847744833,0.000839012614628259,0.00111172873818788,0.000917417617377665
"ASV142",0.000786029185605413,0.000969542977499916,0.000881086562598707,0.000967863646057186,0.00108139992135273,0.00120619178449373,0.000771050556383072,0.00097279644234444,0.00078346183294457,0.00120052258041736,0.00103052485697026,0.000829456525659057,0.00108271268742413,0.000960161181155656,0.00117860521377727,0.000860006567322878,0.000852770715221957,0.000970904193679727,0.000645559269513822,0.00100200400801603,0.000827313152801785,0.000927329731957549,0.000798164222288736,0.000784244092274456
"ASV143",0.00160623355319367,0.00223997860318946,0.00169567602613336,0.00237864794369986,0.00155656049285621,0.00179253501306708,0.00203276964864628,0.00147656602855852,0.00220793789284379,0.00183609335828537,0.00241640311289577,0.00191135634173609,0.00185373535877161,0.00160551541767011,0.00165935207729169,0.00198583334636374,0.00153182887734315,0.0017069122114692,0.00169279986228069,0.0015973976939386,0.00155121216150335,0.00181050090525045,0.00151081084933225,0.00164247347627292
"ASV144",0.000820204367588257,0.000952826719267159,0.00089771083736472,0.000590560868780656,0.000720933280901822,0.000938149165717349,0.00105143257688601,0.000712225966716465,0.00126422250316056,0.00095335616680202,0.000888383497388153,0.00093764650726676,0.000721808458282752,0.000912940139459477,0.000961493727028829,0.000734914702985005,0.000726434312966852,0.000923924958501676,0.000731633838782332,0.000726089860881183,0.00078299280533026,0.000794854055963613,0.000783911289747866,0.00071025880055045
"ASV145",0.0315095177881822,0.0315770118016783,0.0328828154871744,0.028314112764317,0.0326877703499803,0.0369228707364471,0.00637869096644178,0.00736545877775076,0.0058403518455868,0.00706189753186681,0.00636082584129917,0.00553572072559414,0.00628301453459759,0.00650076340684076,0.00604810570227812,0.00639532156427376,0.00546404939753328,0.005496570515832,0.004504569125052,0.00553280473991461,0.0042104330097948,0.00473968529667192,0.0044611678852924,0.00482384102040514
"ASV146",0.0185742114076757,0.0212296479556016,0.0213788173490931,0.0191768237667941,0.0202189015598375,0.0207900556188434,0.00299658284412512,0.00319633116770316,0.00332971279001442,0.00344267504678507,0.00445968515688853,0.00317357279382596,0.00354342334066078,0.00341565534935701,0.00248127413426795,0.00262692915109534,0.00296890545299496,0.00325722697234489,0.00253919979342103,0.00274461967413087,0.00224556427189056,0.00329717238029351,0.0032639215518593,0.00316657048578743
"ASV147",0.0209664741464748,0.0249406572832737,0.0270643193190697,0.024901983300251,0.0254948223882553,0.0238725457347718,0.00462630333829843,0.00489872494180593,0.00470077099766742,0.00383107941103775,0.00424647311751537,0.00418334595549785,0.00434725548738476,0.00481654625301034,0.00412511824822046,0.00404984910793864,0.00353741926314293,0.00407153371543111,0.00375858952472492,0.00418227759867561,0.00366381539097933,0.00384179460382413,0.00322116275423668,0.00464627632026753
"ASV148",0.0251871091213561,0.0287853966768079,0.0228583778032683,0.0305287160222445,0.027526543452615,0.0231689338604838,0.00415315867869973,0.00385644303929403,0.00466515909616994,0.00587902969527912,0.0042820084574109,0.00488658083594792,0.00428163653663178,0.00450173930836914,0.00364437138470605,0.00469094491267024,0.00393222052019014,0.00458830530238968,0.00463368097895477,0.00351427492666492,0.00459454268788134,0.00415090451447665,0.0042188680320976,0.00523815865405957
"ASV149",0.00668124807764601,0.00623516432081843,0.00653333998304324,0.00644695615085549,0.0059968541093197,0.00706962407022717,0.0251117147112941,0.0279678977174026,0.0285073271487331,0.0287595776985276,0.0220319107352262,0.0292473583612824,0.00383870861904918,0.0046748831279218,0.00454383325837818,0.0051287664378528,0.00478499123541209,0.00463528453756773,0.00344298277074038,0.00503906363451541,0.00466840993366721,0.00420978259269617,0.00476047946865067,0.00343291753599384
"ASV150",0.0027169269676361,0.00202266724616362,0.00206141007098565,0.00216538985219574,0.001835102896841,0.00252965221470214,0.0108297555419259,0.0096758503283188,0.0116272858389274,0.00960418064333887,0.00986105682100849,0.00946662339067402,0.00164047376882444,0.00198328375123955,0.0012871609571515,0.00165746720247682,0.00161078912875259,0.001832190171944,0.0013054643005724,0.00153931050506811,0.00180236079717532,0.00163386667059187,0.0017246048374453,0.00156848818454891
"ASV151",0.00310994156043881,0.00282504764133596,0.00359084334945888,0.00351055627552945,0.00319504522217853,0.00341754338939891,0.0142644352930868,0.0113435013723378,0.0150460283826855,0.0143886162211786,0.0150314487758075,0.0118107396588409,0.00213261589947177,0.00267585902945019,0.00246576617092877,0.00228292652416618,0.00214771883833678,0.00255253844467412,0.00243877946260777,0.00254131451308414,0.00270354119576297,0.00200185465946392,0.00181012243269053,0.00294461461061541
"ASV152",0.00360548169919005,0.00307579151482732,0.00350772197562881,0.00337932052691153,0.00285096342902084,0.00381960731756349,0.0174888285288706,0.0137233783830733,0.0158472961663788,0.0134705695420359,0.0149603780960165,0.012513974539291,0.00270678171856032,0.00248697486266547,0.00289998914442566,0.00312729660844683,0.00315841005637762,0.00227066303360581,0.00230966760870501,0.00187331184107345,0.00304333052637799,0.00210489129634809,0.00205242228588532,0.00183483523475533
